_step,train_accuracy,train_ADD,train_loss,train_mAP,_runtime,current_lr,train_loss_affinities,train_loss_belief,epoch,_timestamp,val_mAP,val_accuracy,val_ADD,val_loss
0,0.03831741898148148,40.2775482507808,0.0027390025643398985,0.05949853708282847,58.736634781,5e-05,0.00230116272396117,0.0010589474670268828,1.0,1744872375.2207074,,,,
1,,,,,62.45129538,,,,,1744872378.9354105,0.08028532262250855,0.03806089743589744,47.29865842533523,0.0033781324656536947
2,0.08884548611111111,40.35964970280184,0.001420809675255441,0.11047028622440602,120.106535878,4.9996977495800686e-05,0.0015452434610779165,0.00043212529926677233,2.0,1744872436.590683,,,,
3,,,,,123.648597923,,,,,1744872440.132735,0.08173380022889444,0.04589907955292571,47.27266061384263,0.00338987372099207
4,0.055501302083333336,40.29815907154337,0.0014277690221206284,0.09089613030611705,181.299438494,4.998791072896043e-05,0.0015593237389111892,0.00043207143298786834,3.0,1744872497.742188,,,,
5,,,,,184.875405922,,,,,1744872501.3594105,0.08011609352908168,0.03705415844838922,47.28160635569118,0.0033315298720621145
6,0.05309606481481481,40.278496995606474,0.001415841135167284,0.09070061632119149,242.623479695,4.997280193656827e-05,0.001545045218517771,0.00042887901599897305,4.0,1744872559.0649698,,,,
7,,,,,246.117394281,,,,,1744872562.6015425,0.0691672432337757,0.038379355687048006,47.26907910210663,0.0034053510484787133
8,0.045905671296296295,40.27387445095974,0.0014226106359274127,0.10082783090884903,303.698546685,4.995165484649266e-05,0.0015606914879754187,0.00042817659450520293,5.0,1744872620.182563,,,,
9,,,,,307.215152897,,,,,1744872623.69924,0.1337300470630472,0.05630547337278106,47.334670138674106,0.0033373610080721285
10,0.05923755787037037,40.33311317260993,0.0014043583985767327,0.16229981138256744,364.765747163,4.992447467646164e-05,0.0015369750566605945,0.00042391391234559707,6.0,1744872681.249893,,,,
11,,,,,368.28933113,,,,,1744872684.7734168,0.21596393090153587,0.09447937212360288,47.36362659225672,0.003317757832029691
12,0.08307291666666668,40.46792513601329,0.0014087260387896094,0.25637916564389895,425.838726966,4.9891268132775464e-05,0.0015401408625621115,0.00042577040594551365,7.0,1744872742.3228679,,,,
13,,,,,429.369141511,,,,,1744872745.8532615,0.338771789057085,0.15421597633136092,47.71973733704487,0.0033334356267005205
14,0.10484664351851851,40.625900963446526,0.0013998783830174943,0.35522501731449097,486.93758045,4.9852043408651913e-05,0.001529720953112701,0.0004233452718835906,8.0,1744872803.4217377,,,,
15,,,,,490.691400528,,,,,1744872807.169486,0.42085389387761396,0.18535297501643655,47.56551739436182,0.0033428668796729585
16,0.12160373263888888,40.44097405999152,0.0014014585663971956,0.42800133915568306,548.193246435,4.9806810182204715e-05,0.0015351701600593514,0.00042258232570020483,9.0,1744872864.6773944,,,,
17,,,,,551.720094388,,,,,1744872868.204222,0.4619320827588319,0.20536448060486528,47.3219213511765,0.003340205356765252
18,0.1333839699074074,40.197064300795034,0.0013949935790151357,0.49243799188989545,608.933722729,4.975557961405566e-05,0.0015226002775307278,0.00042246229168085847,10.0,1744872925.4176984,,,,
19,,,,,612.403655843,,,,,1744872928.887815,0.5357742479881904,0.2334812623274162,47.09861299655649,0.0032705150795384096
20,0.1470341435185185,40.219509035016,0.0013865958608221263,0.5175621583390011,669.839408313,4.969836434458088e-05,0.0015083788995980286,0.0004216042718326207,11.0,1744872986.3235257,,,,
21,,,,,673.331100201,,,,,1744872989.8152752,0.5923518826312911,0.2576532708744247,47.20225487711534,0.0032645757489192942
22,0.1626953125,40.33808313811823,0.001364534103436199,0.5460610844623638,730.511467613,4.963517849079196e-05,0.0014848065164784429,0.0004147538960090458,12.0,1744873046.9520478,,,,
23,,,,,733.960348875,,,,,1744873050.4444723,0.5896960947649877,0.27801405325443784,47.26021364343763,0.003215931857434603
24,0.17475043402777776,40.36839812499536,0.0013589674548711629,0.547192294563047,791.119453477,4.956603764285287e-05,0.0014794377490034093,0.0004128323867917061,13.0,1744873107.5621529,,,,
25,,,,,794.565044101,,,,,1744873111.049207,0.6362683596652301,0.3112980769230769,47.463165465816544,0.003175182554584283
26,0.1857349537037037,40.38132987327494,0.001336967355044294,0.5592854056571597,851.507841483,4.9490958860233254e-05,0.0014613845821060067,0.00040418337520620184,14.0,1744873167.9918878,,,,
27,,,,,854.958994413,,,,,1744873171.4430802,0.6061837675469087,0.3201840894148586,47.35535800578714,0.003149367134588269
28,0.19664351851851852,40.38358729169441,0.0013564883312938037,0.5667351479517794,912.215419605,4.9409960667499307e-05,0.001485575943661388,0.00040913357479439584,15.0,1744873228.6586668,,,,
29,,,,,915.643978495,,,,,1744873232.1281192,0.6028033530028399,0.3299741124260355,47.3504477454074,0.003118392348719331
30,0.2033962673611111,40.338872934083206,0.0013120088443315582,0.5631124498892859,972.337862756,4.932306304974307e-05,0.0014322020366080324,0.00039727188310649807,16.0,1744873288.8218715,,,,
31,,,,,975.812673026,,,,,1744873292.2967541,0.5875063121193987,0.3449005588428665,47.280397172566815,0.0030853082425892353
32,0.21288700810185185,40.41523008603992,0.0013160693117242773,0.5515602200601043,1033.185803635,4.923028744765145e-05,0.0014393277844646946,0.0003976036150561413,17.0,1744873349.669925,,,,
33,,,,,1036.932201273,,,,,1744873353.4162457,0.5993863068035243,0.35437212360289283,47.2890639523406,0.0030217207430933532
34,0.20719401041666669,40.353212958955766,0.0012839639814046678,0.5497464320829911,1094.573744269,4.913165675221605e-05,0.001408249398082262,0.000386559522121388,18.0,1744873411.0578918,,,,
35,,,,,1098.20611775,,,,,1744873414.6901827,0.5875638493233825,0.3527695595003287,47.45909705236024,0.0030377291214580718
36,0.21135706018518516,40.32865715508117,0.0012795457783795427,0.5450349424237436,1155.610441279,4.90271952990851e-05,0.0014088898769841762,0.0003834005598037038,19.0,1744873472.0945878,,,,
37,,,,,1159.162960528,,,,,1744873475.6470466,0.5730128430022818,0.3461024819197896,47.79395332255014,0.0029982486739754677
38,0.20911458333333335,40.373203709204546,0.0012631886074814247,0.5437666549640309,1215.723954642,4.8916928862559084e-05,0.0013927695817983476,0.0003778692079322354,20.0,1744873532.2080207,,,,
39,,,,,1219.787417451,,,,,1744873536.2715745,0.5703952082335451,0.34853714661406965,47.37367273155322,0.0029861440237324973
40,0.21112557870370371,40.50819621164557,0.0012583930176333525,0.5364673962514254,1276.260876849,4.8800884649231264e-05,0.0013854901203558256,0.0003770986395466025,21.0,1744873592.7449684,,,,
41,,,,,1279.676236861,,,,,1744873596.1603591,0.5781434686281591,0.35667324128862593,47.49060590184392,0.0029380833730101585
42,0.21514756944444446,40.44717347734929,0.0012440142851119162,0.5346453738390684,1336.180817715,4.867909129127486e-05,0.0013768521181191317,0.0003703921483065642,22.0,1744873652.6649344,,,,
43,,,,,1339.607964411,,,,,1744873656.0920444,0.56364465290583,0.35532749835634453,47.46589909640281,0.002961419648132645
44,0.21804832175925926,40.61697711100609,0.0012436141787475208,0.5380141355990655,1396.052921253,4.8551578839378525e-05,0.0013730225997278466,0.0003714019196195295,23.0,1744873712.5370817,,,,
45,,,,,1399.479978255,,,,,1744873715.9640613,0.5805915239727049,0.3574026134122288,47.30542680820565,0.0029379430477722334
46,0.2200846354166667,40.57925885381008,0.001230548087369243,0.5326749395235056,1455.717800894,4.8418378755331755e-05,0.0013658398882398614,0.0003650854306215479,24.0,1744873772.2019413,,,,
47,,,,,1459.155894082,,,,,1744873775.6399946,0.5683296883792027,0.35933390861275477,47.46858997827965,0.0029007625013876418
48,0.21900318287037038,40.83218751912358,0.0012254919325641821,0.5366135137157392,1515.615963142,4.827952390426216e-05,0.0013545562724175397,0.0003654758662378299,25.0,1744873832.1000974,,,,
49,,,,,1519.064728708,,,,,1744873835.5488853,0.5853534453991472,0.36104947403024323,47.57333145040584,0.0028959503934647027
50,0.22469979745370372,40.690895125351155,0.0012080471258741454,0.5472199262219595,1575.463954688,4.8135048546526525e-05,0.001340549641099642,0.000358514871186344,26.0,1744873891.9479444,,,,
51,,,,,1578.901927062,,,,,1744873895.3860588,0.5865398723753478,0.36207675871137407,47.592341835897244,0.002903706018024912
52,0.23439670138888888,40.60554394823621,0.001208500619395636,0.5779900582372848,1635.455746402,4.798498832925753e-05,0.001340124086709693,0.00035895905039069477,27.0,1744873951.939894,,,,
53,,,,,1638.923146761,,,,,1744873955.4073286,0.6211745814349212,0.3782770381328073,47.48638018435241,0.002834875978386173
54,0.2579282407407407,40.52411855926002,0.0012086729177099187,0.590619779671357,1695.759121665,4.78293802775684e-05,0.0013430533952487167,0.00035809748114843385,28.0,1744874012.2432554,,,,
55,,,,,1699.205800421,,,,,1744874015.689969,0.6310087295168901,0.3845229289940828,47.33218558160648,0.0028837393396175825
56,0.24450231481481483,40.542965088762436,0.0011819831554021221,0.6149921589231241,1755.813612809,4.766826278541747e-05,0.0013128769413015106,0.00035036312456213634,29.0,1744874072.2977312,,,,
57,,,,,1759.292160272,,,,,1744874075.776334,0.6680567365734392,0.40759574293228135,47.357015081640355,0.0028381922031537844
58,0.2607132523148148,40.59662293468771,0.0011660516163829015,0.6343665348034907,1816.26401581,4.750167560613507e-05,0.0012967702912646927,0.0003451109806519526,30.0,1744874132.7480223,,,,
59,,,,,1819.745562929,,,,,1744874136.2297213,0.7010814404049849,0.4059109960552268,47.49692908846993,0.0027414334651369313
60,0.2623083043981482,40.43942696239667,0.0011537450318428455,0.6621891401690692,1876.360244208,4.7329659842614996e-05,0.001283070222416427,0.000341473280423088,31.0,1744874192.844391,,,,
61,,,,,1879.795487565,,,,,1744874196.279631,0.7234891939904882,0.4055617192636423,47.41769818675971,0.0027256659500730727
62,0.2701027199074074,40.55549106860583,0.00114289076627756,0.6944804756033004,1936.452513633,4.715225793717298e-05,0.0012690579791524216,0.00033890785070980203,32.0,1744874252.9365191,,,,
63,,,,,1939.961662354,,,,,1744874256.445809,0.7523592250156159,0.4309253780407626,47.423663678216414,0.0026908325335870567
64,0.28254123263888886,40.679934296143315,0.0011215500780963339,0.72515348488083,1997.020468812,4.696951366107464e-05,0.0012483232640079223,0.0003315922972433327,33.0,1744874313.5046167,,,,
65,,,,,2000.519428222,,,,,1744874316.9986446,0.7815025449139852,0.4290249013806707,47.48708299263904,0.002679670972821231
66,0.28590494791666665,40.60418451452797,0.0010964464196149492,0.7577234765532197,2057.372665572,4.6781472103735674e-05,0.001227184592426056,0.0003219027485101833,34.0,1744874373.856773,,,,
67,,,,,2061.028066785,,,,,1744874377.512228,0.8130973818594304,0.4419789612097305,47.335767551271424,0.0026160233045140137
68,0.29133029513888886,40.5967402440392,0.0010737313095887657,0.7767215353572352,2118.894963299,4.658817966159661e-05,0.0011973644301178864,0.0003166993968989118,35.0,1744874435.379104,,,,
69,,,,,2122.561111711,,,,,1744874439.0451765,0.8567791140808206,0.45855933596318216,47.33613609714371,0.002526787306683568
70,0.29501591435185187,40.790080116783216,0.0010519793540879618,0.8051421757179457,2180.643388457,4.638968402667525e-05,0.0011775686503824544,0.00030879668702255003,36.0,1744874497.0844672,,,,
71,,,,,2184.28296689,,,,,1744874500.7671154,0.857722158646057,0.4628431130834976,47.3266504989168,0.0025446979293169882
72,0.2992259837962963,40.70070969942266,0.0010368863608164248,0.8089864023247871,2241.437202987,4.6186034174799365e-05,0.0011613803362706676,0.000304130796030222,37.0,1744874557.921283,,,,
73,,,,,2244.91687644,,,,,1744874561.401032,0.8336651538142448,0.44649901380670615,47.216581018053425,0.002593513040875013
74,0.30481409143518523,40.869867280187066,0.0010264872420520988,0.8142806640003155,2301.883484855,4.597728035352262e-05,0.0011437844917963958,0.000303063331557496,38.0,1744874618.3245673,,,,
75,,,,,2305.351250312,,,,,1744874621.835401,0.88167926128049,0.48836086456278766,47.422624903095354,0.0024212725424709227
76,0.30892288773148147,41.09082335182105,0.000993740014746436,0.827422178142753,2362.103362098,4.5763474069726755e-05,0.0011171732705406612,0.00029010225562160487,39.0,1744874678.545501,,,,
77,,,,,2365.555419112,,,,,1744874682.0395093,0.8927026856191844,0.48520710059171596,47.331898346566334,0.002366332856651682
78,0.30999348958333334,40.882375874085795,0.0009657666902057827,0.8473615411713226,2422.47949907,4.554466807691307e-05,0.00108394485541794,0.0002825295071488654,40.0,1744874738.922927,,,,
79,,,,,2426.162724407,,,,,1744874742.6468134,0.8853805965096989,0.4810260519395136,47.4317861890047,0.0024057580516315424
80,0.31138599537037037,40.783686298765254,0.0009542079740640474,0.8574323753056969,2483.112117412,4.532091636218621e-05,0.0010769592892756919,0.0002771522199509491,41.0,1744874799.5961933,,,,
81,,,,,2486.606297144,,,,,1744874803.0904002,0.8949717184538246,0.4949868507560816,47.318151965433074,0.002342687006323383
82,0.32087311921296297,40.86841484400213,0.0009283381270506653,0.8563294844845892,2543.808862394,4.509227413293372e-05,0.0010449107661770541,0.0002705884980059636,42.0,1744874860.292935,,,,
83,,,,,2547.29409876,,,,,1744874863.7782505,0.8994119119570847,0.49938362919132145,47.403518686860814,0.002309078941694819
84,0.3241861979166667,40.866234075892145,0.0009132908449828392,0.8601377541589805,2604.34257933,4.485879780320441e-05,0.0010280941754899687,0.0002661625026121328,43.0,1744874920.8267112,,,,
85,,,,,2607.820299407,,,,,1744874924.3044467,0.9155975693076578,0.5075094510190665,47.35399692839508,0.0021864872139233807
86,0.31872106481481477,40.79419229871342,0.0008858697023242712,0.8834996081018559,2665.057230029,4.462054497978908e-05,0.0010019747463957175,0.00025658822114564827,44.0,1744874981.5413322,,,,
87,,,,,2668.529191062,,,,,1744874985.0133722,0.9179460823206192,0.5082799145299146,47.34444357467923,0.0022020459067649567
88,0.33351417824074076,40.803571790903156,0.0008717323791643139,0.8732051754517514,2725.728947525,4.437757444800684e-05,0.000981601841704105,0.00025395430666321774,45.0,1744875042.213031,,,,
89,,,,,2729.216594286,,,,,1744875045.7007666,0.9171172939703779,0.5211415187376726,47.42956291044462,0.0021399611320633153
90,0.32911964699074076,40.86559945336864,0.0008651328073028708,0.8828981550323372,2786.489246077,4.412994615720077e-05,0.0009777209197636694,0.0002508482320990879,46.0,1744875102.9733007,,,,
91,,,,,2789.964211896,,,,,1744875106.4482768,0.9312674488330175,0.512892422748192,47.69456755136926,0.002110819421851864
92,0.33026620370370374,40.87074907166346,0.0008517585771187442,0.8840496338699394,2846.893398656,4.387772120594627e-05,0.0009631961835111724,0.00024677365627212566,47.0,1744875163.3774438,,,,
93,,,,,2850.435732464,,,,,1744875166.9198754,0.9261362171491426,0.5129437869822486,47.42174065680635,0.0021482333182715452
94,0.3287796585648148,40.74958783571873,0.0008403863041166915,0.8925840242198954,2907.35404463,4.362096182697594e-05,0.0009500126270722831,0.0002435866606901982,48.0,1744875223.8380919,,,,
95,,,,,2910.848634955,,,,,1744875227.3326368,0.9304346591130478,0.5171864727153189,47.723853591398935,0.002080778000303186
96,0.33572410300925926,40.87266835317602,0.0008308485565066803,0.8878639470815841,2967.983894817,4.335973137182459e-05,0.000934367289301008,0.00024244327487394913,49.0,1744875284.4679399,,,,
97,,,,,2971.490589334,,,,,1744875287.9747403,0.9331861936512481,0.5268429487179487,47.43161381442995,0.002062615750429149
98,0.3313874421296297,40.854138722285896,0.000817766468389891,0.8988129732665702,3028.632533217,4.309409429519813e-05,0.0009251706742361421,0.00023678742045376566,50.0,1744875345.1166904,,,,
99,,,,,3032.116835311,,,,,1744875348.600912,0.9385359854282511,0.5223331689677844,47.253336628367514,0.002035799767607107
100,0.33543113425925924,41.0127691861593,0.000805497456167359,0.8974965079965068,3089.240308969,4.2824116139070415e-05,0.0009117637022427516,0.0002330770694243256,51.0,1744875405.7244456,,,,
101,,,,,3092.947909154,,,,,1744875409.4320638,0.9374532471602807,0.52222016765286,47.21976060818236,0.002025338731562862
102,0.33293547453703703,41.050741919523404,0.0008097642414213624,0.903939469671732,3150.700868967,4.25498635165117e-05,0.0009162184651358984,0.00023443667269020806,52.0,1744875467.1849957,,,,
103,,,,,3154.410104758,,,,,1744875470.8942745,0.9378734431316377,0.5248089250493096,47.292065836953064,0.0020339911391672036
104,0.3374421296296296,40.76668410019144,0.0008024536691664252,0.899021026868299,3212.294958098,4.227140409525288e-05,0.00090933970604965,0.0002318558753358957,53.0,1744875528.7790973,,,,
105,,,,,3215.969371325,,,,,1744875532.4535496,0.9443191284902016,0.5284763313609468,47.59049143345654,0.0020313159777567936
106,0.3447157118055556,40.89188083048318,0.0007803607175446813,0.8990034609807651,3274.131729628,4.198880658098945e-05,0.0008831079823721666,0.000225871151087631,54.0,1744875590.615793,,,,
107,,,,,3277.811093153,,,,,1744875594.2952526,0.938792749819747,0.533181295200526,47.239493498821815,0.002012389353834666
108,0.3401765046296297,40.748858021228095,0.0007705917818384478,0.9036416311191285,3335.851485848,4.170214070042947e-05,0.0008711043450603029,0.000223359737174178,55.0,1744875652.3356051,,,,
109,,,,,3339.601922409,,,,,1744875656.0860524,0.9487519268992823,0.5353694115713347,47.4854629322893,0.0019419555498573643
110,0.34745008680555556,40.84646359951803,0.0007613800178660312,0.9111523924910768,3397.62910776,4.1411477184089504e-05,0.0008600996505265357,0.0002208867957961047,56.0,1744875714.1132455,,,,
111,,,,,3401.453925185,,,,,1744875717.938058,0.9433777739967056,0.5323389217619987,47.360121592636396,0.001965848173802862
112,0.35380859375,40.811701095895955,0.0007702247450652067,0.8974733539548396,3459.164714803,4.11168877488429e-05,0.0008694442069099751,0.00022366842849805835,57.0,1744875775.6488714,,,,
113,,,,,3462.935617312,,,,,1744875779.419688,0.9516401666246039,0.5335408448389217,47.330703540834726,0.0019314520222206528
114,0.33984736689814815,40.925246130731885,0.0007610309508891078,0.9094155197715509,3520.967430929,4.081844508022478e-05,0.0008569259676733054,0.00022171197697389288,58.0,1744875837.4087079,,,,
115,,,,,3524.816983957,,,,,1744875841.301058,0.9518985965419904,0.5321540105193953,47.3271370870854,0.00192630269493048
116,0.33957609953703705,40.803558035426306,0.00074579713800631,0.9126230888278091,3582.187569194,4.051622281449793e-05,0.0008462293164484436,0.00021512165358217317,59.0,1744875898.6283407,,,,
117,,,,,3585.634919314,,,,,1744875902.1190135,0.9492510499790691,0.5511587771203155,47.11327391985469,0.0018966345277686531
118,0.33961588541666665,40.682839191372864,0.0007375714674708433,0.9167524770085415,3643.368151568,4.021029552048416e-05,0.0008339592972333776,0.00021372787996369879,60.0,1744875959.8522787,,,,
119,,,,,3646.943976487,,,,,1744875963.4280918,0.9462290495835598,0.5332326594345825,47.35964815434755,0.0018924396449270158
120,0.34407913773148147,40.71430495660198,0.0007276418924448081,0.9129219760956058,3703.706101297,3.990073868116559e-05,0.0008209394831283134,0.0002114481007993163,61.0,1744876020.1902637,,,,
121,,,,,3707.221402176,,,,,1744876023.705434,0.9465358066427764,0.5374137080867849,47.419181807818234,0.0018954537002942883
122,0.3532154224537037,40.82894891662387,0.0007109394126018742,0.9171568600098465,3763.961674575,3.9587628675060326e-05,0.0008086250989435939,0.00020441790904897062,62.0,1744876080.4457953,,,,
123,,,,,3767.461539799,,,,,1744876083.9455616,0.9579599678102075,0.5444711538461537,47.27769074191716,0.0018505165442967643
124,0.34271195023148143,40.78565311424008,0.0007189784144429722,0.9182673255690446,3824.149520088,3.9271042757377206e-05,0.0008166905296093319,0.0002070887660920562,63.0,1744876140.6336203,,,,
125,,,,,3827.690809491,,,,,1744876144.174966,0.9563832659467437,0.5430843195266272,47.29756805444195,0.0018646373019482081
126,0.35693721064814815,40.66788864628541,0.0007140513262129389,0.8996442484761541,3884.641866971,3.895105904095423e-05,0.0008069474037256441,0.00020705174911199719,64.0,1744876201.1260192,,,,
127,,,,,3888.128087182,,,,,1744876204.6122537,0.9620336543798722,0.5433514135437213,47.275811475715564,0.0018514556666979422
128,0.3504304108796296,40.87324335808342,0.0007014295753833722,0.9084618811051334,3944.993990929,3.862775647698541e-05,0.0007941473862956627,0.00020290392058086582,65.0,1744876261.4780326,,,,
129,,,,,3948.466494339,,,,,1744876264.9506814,0.9623051374477208,0.5510971400394478,47.41656364372729,0.0017498237564443396
130,0.35717954282407405,40.775587607694895,0.0006938140464626486,0.9096093565232181,4005.308471055,3.830121483554074e-05,0.0007846835760574322,0.00020098150635021738,66.0,1744876321.7926116,,,,
131,,,,,4008.810268032,,,,,1744876325.2943814,0.9276534324073002,0.5255074786324786,47.36657641081958,0.001998177577311603
132,0.3488606770833333,40.756069970698256,0.0007363455984886969,0.9036107298970812,4065.527962667,3.797151468588409e-05,0.0008373903514439007,0.00021176694835958187,67.0,1744876382.0121107,,,,
133,,,,,4069.043502733,,,,,1744876385.5274832,0.9557248191091022,0.5413584812623274,47.36519335132088,0.0018688503008049268
134,0.3440538194444444,40.77771139787863,0.0006891885459481273,0.9236558393524372,4126.012649023,3.7638737376593976e-05,0.0007805433840985642,0.00019927790335714236,68.0,1744876442.4967718,,,,
135,,,,,4129.533539389,,,,,1744876446.017612,0.9616868545817694,0.5503472222222222,47.36207774567817,0.0018452204978809906
136,0.35673828124999996,40.66806191808335,0.0006917495808011154,0.9205390836179387,4186.545778858,3.730296501549201e-05,0.0007822572801160277,0.00020041396001033718,69.0,1744876503.0298975,,,,
137,,,,,4190.030852098,,,,,1744876506.5149438,0.9623283554136701,0.5447998849441158,47.17233392673228,0.0017837098745915752
138,0.35224247685185184,40.70443328170085,0.0006812753450503806,0.9234639276309696,4246.890403971,3.696428044938404e-05,0.0007759032680041856,0.00019554914224499952,70.0,1744876563.3744636,,,,
139,,,,,4250.365980106,,,,,1744876566.8501384,0.9574588728561839,0.5518162393162392,47.49774992551164,0.00186915249707034
140,0.34939597800925926,40.77447311749632,0.0006833466470197891,0.9214750604463638,4307.537097269,3.662276724361889e-05,0.0007747490257315803,0.000197314755178013,71.0,1744876624.0212467,,,,
141,,,,,4311.026961643,,,,,1744876627.5110548,0.9633164744689846,0.5467106344510191,47.65059808672046,0.0018171934375109582
142,0.3503616898148148,40.769356370342315,0.0006728757556629716,0.9250447495856738,4367.954514017,3.627850966146991e-05,0.0007626922433701111,0.000194353091501398,72.0,1744876684.4386332,,,,
143,,,,,4371.437172263,,,,,1744876687.9213338,0.9642761545398792,0.5631060979618672,47.45184947314906,0.001755450637294696
144,0.358568431712963,40.73837908767178,0.0006714172204738134,0.9154395961835544,4428.582520722,3.5931592643344276e-05,0.0007610587825183756,0.00019392522040106996,73.0,1744876745.0666685,,,,
145,,,,,4432.073024632,,,,,1744876748.5571604,0.9701956477612369,0.55676775147929,47.22866575642405,0.0017307900393811555
146,0.36360315393518516,40.71423983313214,0.0006574366158019984,0.9158809522918739,4488.89244374,3.558210178582516e-05,0.0007487322141969344,0.00018871367319661658,74.0,1744876805.3765776,,,,
147,,,,,4492.44410053,,,,,1744876808.9282475,0.9611825136274277,0.5511690499671268,47.398724024963826,0.0017221577537174409
148,0.36644965277777775,40.728217648614155,0.0006696390593788238,0.9144084766792187,4549.388131076,3.523012332055212e-05,0.0007605046965181827,0.00019292447395855561,75.0,1744876865.872276,,,,
149,,,,,4552.912472569,,,,,1744876869.396574,0.9593083583250219,0.5541070841551611,47.332977991135365,0.0017431721610661882
150,0.3642975983796296,40.7586120545672,0.0006605706137634115,0.9089652537076942,4609.928121031,3.48757440929447e-05,0.0007471525856090011,0.00019132954689666805,76.0,1744876926.4122865,,,,
151,,,,,4613.441766824,,,,,1744876929.9259474,0.9577740878697539,0.5563568376068376,47.330894326636766,0.0017355548558183587
152,0.36637369791666663,40.90248692678969,0.0006658572405285667,0.9122005742861379,4670.703525842,3.451905154077461e-05,0.0007564713494502939,0.00019174771086909458,77.0,1744876987.1477504,,,,
153,,,,,4674.167331789,,,,,1744876990.651254,0.9614049420742514,0.5560281065088758,47.6861983267415,0.0017119013041687699
154,0.35719401041666665,40.670827876908895,0.0006506120709673269,0.9224960144494986,4731.067597205,3.41601336725918e-05,0.0007405822290820652,0.00018688063864829018,78.0,1744877047.5086935,,,,
155,,,,,4734.544230091,,,,,1744877051.0283272,0.9687603649346013,0.5566239316239316,47.66358024329083,0.0017322408698069362
156,0.3516131365740741,40.74835563848284,0.0006405943689969717,0.9301209564498611,4791.610115469,3.379907904600964e-05,0.0007300219967874,0.00018372224740232924,79.0,1744877108.094165,,,,
157,,,,,4795.140141504,,,,,1744877111.6243026,0.9632546650397528,0.5545179980276134,47.427245501661474,0.0017838605160180193
158,0.3532588252314815,40.98136909610849,0.0006383540223396267,0.931316240275283,4852.011452033,3.3435976745854656e-05,0.0007239365228087991,0.00018425717462378088,80.0,1744877168.452858,,,,
159,,,,,4855.476565364,,,,,1744877171.9607193,0.9656224762266318,0.5561411078238001,47.42405759786582,0.0017184233919789011
160,0.3593062789351852,40.82858301315469,0.0006397525654392666,0.9210485302940841,4912.708390527,3.3070916362186205e-05,0.0007307378971745492,0.00018292240879418386,81.0,1744877229.1925,,,,
161,,,,,4916.2074776,,,,,1744877232.691562,0.96930981348208,0.5564390203813281,47.45189706223773,0.0016824380190183336
162,0.3552372685185185,40.90009782849165,0.0006354550788175928,0.9188785981993611,4973.260233529,3.2703987968191444e-05,0.000722016994743413,0.0001829643889948329,82.0,1744877289.744328,,,,
163,,,,,4976.763826665,,,,,1744877293.2479582,0.960738138341888,0.558370315581854,47.31831574259037,0.0017610988221489466
164,0.36980251736111114,40.72367719594414,0.0006258225174406107,0.9074114677703937,5033.936161607,3.2335282097961115e-05,0.0007140100614378752,0.00017921165951975126,83.0,1744877350.420301,,,,
165,,,,,5037.431309126,,,,,1744877353.9154637,0.9665160571680842,0.5583394970414202,47.253916750690216,0.0016880358497683818
166,0.36293041087962963,40.85833858785124,0.0006268462670050212,0.922476970176195,5094.251416314,3.196488972415163e-05,0.0007144259241613326,0.00017975553541873523,84.0,1744877410.7355285,,,,
167,,,,,5097.723696115,,,,,1744877414.207877,0.9651817906049652,0.560630341880342,47.1886889184644,0.0016687119093078834
168,0.3624168113425926,40.82877509584377,0.0006289135495535447,0.9218977307103527,5154.795149361,3.159290223553893e-05,0.0007134353083529277,0.00018146392885682873,85.0,1744877471.279287,,,,
169,,,,,5158.291813329,,,,,1744877474.7759457,0.9668491629690905,0.5564801117685734,47.44916161278952,0.0017564294035904682
170,0.354517505787037,40.73628718120466,0.000614723892431357,0.9260613774453621,5215.444480393,3.121941141446968e-05,0.0007006112602539361,0.00017627884280955187,86.0,1744877531.9286246,,,,
171,,,,,5218.946532589,,,,,1744877535.430586,0.9628548163265527,0.5596441485864563,47.472028816202844,0.0017442958913027095
172,0.3515299479166667,40.7933066094999,0.0006171011316837393,0.9372932742120097,5275.972612927,3.084450941421529e-05,0.0007038806765194749,0.00017677386272225705,87.0,1744877592.4567192,,,,
173,,,,,5279.515220089,,,,,1744877595.999355,0.9698492721222569,0.563332100591716,47.37078380271643,0.0016975300923849528
174,0.370287181712963,40.994998897285534,0.0006079659930037451,0.9169344329700657,5336.682480443,3.0468288736234554e-05,0.0006915299680258613,0.00017480067272117593,88.0,1744877653.1666305,,,,
175,,,,,5340.155451423,,,,,1744877656.6394799,0.9693079587191066,0.5519189677843523,47.42549159346644,0.001707864567064322
176,0.3556098090277778,40.79728826257608,0.0006213883363670903,0.9301164250926035,5397.093636252,3.0090842207350255e-05,0.000706807287861011,0.00017865646277641644,89.0,1744877713.5777292,,,,
177,,,,,5400.591490218,,,,,1744877717.0755134,0.9701766759479492,0.5657359467455622,47.28617848431226,0.00171303369391423
178,0.3557472511574074,40.76333684383167,0.0006093488438636996,0.9376031977125254,5457.922637256,2.9712262956845527e-05,0.0006916122421898763,0.00017569514975548372,90.0,1744877774.4066844,,,,
179,,,,,5461.422573712,,,,,1744877777.9066691,0.9649458454263952,0.5578977646285339,47.340341917736474,0.0017242239286693244
180,0.3643084490740741,40.78181144934488,0.0006474461619291105,0.9113844516043283,5518.500304887,2.9332644393485654e-05,0.0007343376058997819,0.00018685157197069203,91.0,1744877834.9843934,,,,
181,,,,,5522.019756032,,,,,1744877838.5038612,0.9685022117637982,0.5576306706114399,47.39082424109369,0.001682445971080317
182,0.35662977430555554,40.94989693825355,0.0006045419841029798,0.9279229328693825,5579.184425805,2.8952080182470774e-05,0.0006897598370414926,0.00017310804478256613,92.0,1744877895.668565,,,,
183,,,,,5582.697098058,,,,,1744877899.181188,0.9704949680028482,0.5572813938198554,47.823544008641974,0.0016463201206464034
184,0.355150462962963,40.843746447326815,0.0005996448424411937,0.937475698694224,5639.645810625,2.8570664222325453e-05,0.0006835040881924215,0.0001719285315630259,93.0,1744877956.1298654,,,,
185,,,,,5643.139979859,,,,,1744877959.6241305,0.967219112127495,0.558000493096647,47.51519368958641,0.0016797685709137183
186,0.3558991608796297,40.79128624359323,0.0006054074934581877,0.9356595981242863,5699.828556767,2.8188490621730605e-05,0.0006874360949950642,0.0001744596303524304,94.0,1744878016.312577,,,,
187,,,,,5703.314240719,,,,,1744878019.798344,0.9683478785448212,0.5658386752136751,47.88315787383937,0.0016512981383129954
188,0.3706633391203703,40.67225562999893,0.0006054429259165772,0.9169202579453005,5760.611374721,2.7805653676303596e-05,0.0006892803795381042,0.0001738684928341172,95.0,1744878077.0537317,,,,
189,,,,,5764.074913626,,,,,1744878080.5590734,0.9659399266302533,0.5706052761341222,47.48754196985186,0.0016402155071353684
190,0.36672453703703706,40.708277307079825,0.0005970086547677055,0.918468445982225,5821.427483641,2.7422247845332198e-05,0.0006846695383501356,0.00016978258918243228,96.0,1744878137.867996,,,,
191,,,,,5824.899404591,,,,,1744878141.3834686,0.9711226170197429,0.5621918145956607,47.28121872395281,0.0016186594551142592
192,0.36006944444444444,40.84423874945067,0.0005909426303333021,0.9378757453044886,5881.719453011,2.7038367728468177e-05,0.0006786586147427443,0.00016774221553532697,97.0,1744878198.1618726,,,,
193,,,,,5885.174291219,,,,,1744878201.6583066,0.9700456912353747,0.5633937376725838,47.52897415230503,0.0016455930174113466
194,0.372095630787037,40.682146822901466,0.0006043240649887593,0.9205022792394809,5942.231571141,2.665410804238624e-05,0.0006887543670018204,0.00017329791862721322,98.0,1744878258.6748323,,,,
195,,,,,5945.690704592,,,,,1744878262.1748729,0.9679939999187547,0.5577642176199868,47.44607721255588,0.0016581307326515133
196,0.3580910011574074,40.73602233561754,0.0005870725530257914,0.9372851141034129,6002.75147602,2.626956359741414e-05,0.0006717705144183128,0.00016745819748393843,99.0,1744878319.1922562,,,,
197,,,,,6006.210506361,,,,,1744878322.6946764,0.9730035279882864,0.5623972715318868,47.35469894928804,0.0016562031456627524
198,0.3625,40.69444056101048,0.0005836487018314074,0.9323235121652891,6063.116617643,2.5884829274139604e-05,0.000666028274645214,0.00016708970897525433,100.0,1744878379.6007812,,,,
199,,,,,6066.621779601,,,,,1744878383.1059337,0.9720109858087823,0.5662187705456936,47.379945680505166,0.0015956318328300347
200,0.3569552951388889,40.86150872874094,0.0005817601073431433,0.936592827993282,6123.698258829,2.5499999999999996e-05,0.0006698410496028373,0.00016455972076983015,101.0,1744878440.1823025,,,,
201,,,,,6127.170150857,,,,,1744878443.6542268,0.9699285135374514,0.5675439677843523,47.574804283309945,0.001605620034612142
202,0.35304542824074076,40.843308784574944,0.0005793170221295441,0.9412090816455428,6184.237046783,2.5115170725860392e-05,0.0006624525363804423,0.00016539383650524542,102.0,1744878500.7210503,,,,
203,,,,,6187.761703517,,,,,1744878504.2458842,0.9673769510670833,0.5664858645627876,47.53399182160144,0.0016778623416590004
204,0.35235098379629626,40.822802738468106,0.0005926353005634155,0.9435427972776284,6244.879061898,2.473043640258585e-05,0.0006757691251550568,0.00016983382543003244,103.0,1744878561.3632147,,,,
205,,,,,6248.354781972,,,,,1744878564.8388455,0.9721905483343735,0.5642052925706772,47.22282263157495,0.0015805032408724611
206,0.359349681712963,40.56151895632002,0.0005772355547378538,0.9289710378623688,6305.361832801,2.434589195761375e-05,0.0006598952841159189,0.00016485860837747168,104.0,1744878621.8459811,,,,
207,,,,,6308.849203195,,,,,1744878625.3333557,0.9702248287056174,0.5652120315581854,47.242883419996005,0.0015974583310218384
208,0.35045934606481477,40.822639120571,0.0005756083099186071,0.947155955154565,6366.051970139,2.396163227153182e-05,0.0006615543839870952,0.000163220745344006,105.0,1744878682.5360637,,,,
209,,,,,6369.519650228,,,,,1744878686.0037396,0.9740710463776261,0.5641539283366207,47.20404053922962,0.0015960047469259454
210,0.3510127314814815,40.68470224368526,0.0005714932179216703,0.9483131682665652,6426.284073922,2.3577752154667798e-05,0.0006510348877782235,0.00016398384947251542,106.0,1744878742.7681742,,,,
211,,,,,6429.817327083,,,,,1744878746.3014762,0.9726594058239952,0.5714168310322157,47.220105744049704,0.0015586920601960558
212,0.3687391493055555,40.60262091208273,0.0005698557219147915,0.929732933307136,6486.83659765,2.3194346323696394e-05,0.000653532689466374,0.0001620595824533666,107.0,1744878803.3206415,,,,
213,,,,,6490.35007407,,,,,1744878806.8342395,0.9762275599317322,0.5716736522024982,47.36780770691681,0.0016123321749126683
214,0.3638599537037037,40.822745018811496,0.0005669401023624232,0.9314653476870192,6547.471159503,2.2811509378269388e-05,0.0006491862975963158,0.00016156463664174225,108.0,1744878863.9553056,,,,
215,,,,,6550.983399391,,,,,1744878867.460673,0.9783647855674236,0.5671535996055227,47.46024312361464,0.0015683051449461626
216,0.3559027777777778,40.80151311520532,0.0005727820031097508,0.9490290143165451,6608.037721793,2.2429335777674543e-05,0.0006526842329549254,0.00016429325819444784,109.0,1744878924.5217385,,,,
217,,,,,6611.542502797,,,,,1744878928.02662,0.9740518669503877,0.5690129848783695,47.318408277131084,0.001598201969710107
218,0.35519386574074074,40.76680991696592,0.0005771046411609859,0.9453238554210156,6668.4237818,2.2047919817529226e-05,0.0006604904996493133,0.0001645729280426167,110.0,1744878984.9079244,,,,
219,,,,,6671.91270207,,,,,1744878988.3968031,0.9722887847193168,0.5618219921104537,47.46886214432405,0.001629366369273227
220,0.3615451388888889,40.642110059436,0.0005729876620534924,0.9426190536589247,6729.038374017,2.166735560651434e-05,0.0006534543263114756,0.00016417366809946544,111.0,1744879045.5225072,,,,
221,,,,,6732.539659192,,,,,1744879049.0238154,0.974975682465653,0.5702662721893491,47.47900982032127,0.0015865635180559296
222,0.34803240740740743,40.958496154359054,0.0005669968217262067,0.9524967938676261,6789.341015221,2.128773704315446e-05,0.0006457103401771747,0.0001627611025924125,112.0,1744879105.825142,,,,
223,,,,,6792.838956606,,,,,1744879109.32309,0.9716478114525408,0.5655715811965812,47.52104846800371,0.0015842476591038017
224,0.3456741898148148,40.84393298653456,0.0005534152545806137,0.9575475943116493,6849.971957897,2.0909157792649744e-05,0.0006328090901661198,0.00015800713867974991,113.0,1744879166.4560583,,,,
225,,,,,6853.4671795,,,,,1744879169.9513514,0.9774318879177046,0.5756903353057198,47.343372002478795,0.0015417707618325949
226,0.35975115740740743,40.837317184408036,0.0005538534016523045,0.9384976529581447,6911.007381331,2.0531711263765445e-05,0.0006358976557748975,0.00015726971755611885,114.0,1744879227.4503522,,,,
227,,,,,6914.443762217,,,,,1744879230.9278398,0.9664568240399619,0.574395956607495,47.3121378771598,0.0016037064801471739
228,0.3503616898148148,40.90666348261075,0.0005613849383735214,0.95081166067848,6971.387497927,2.0155490585784713e-05,0.0006397160785127198,0.00016101793353300308,115.0,1744879287.8283074,,,,
229,,,,,6974.820439348,,,,,1744879291.3046088,0.977343587771396,0.5729783037475344,47.46307150954556,0.0015814476601707821
230,0.34813368055555555,40.74486145419545,0.0005642320942570222,0.9516487768886325,7031.848235565,1.9780588585530314e-05,0.0006460426548073883,0.00016080717805380118,116.0,1744879348.332303,,,,
231,,,,,7035.359822506,,,,,1744879351.8439786,0.9768698319611323,0.5623869986850756,47.13942534414833,0.0015685071971697302
232,0.3434787326388889,41.05453254719712,0.0005601691444098833,0.9619377413218032,7092.039505754,1.9407097764461056e-05,0.0006417722535843496,0.00015952201101754326,117.0,1744879408.4821954,,,,
233,,,,,7095.498858301,,,,,1744879411.9829657,0.9726953838679836,0.565694855358317,47.2878335814215,0.0016017673053563787
234,0.3599971064814815,40.75821136208887,0.0005521580080312561,0.9433321153038705,7152.393980834,1.9035110275848362e-05,0.0006312938670816947,0.00015767405091082765,118.0,1744879468.8777783,,,,
235,,,,,7155.866807313,,,,,1744879472.3508954,0.9774568308475401,0.5650887573964497,47.531649027337245,0.0015854054721645438
236,0.3493200231481482,40.66475355119337,0.0005557350914386916,0.9504434747179514,7212.667381656,1.866471790203888e-05,0.0006370635685016169,0.00015813553868611053,119.0,1744879529.1515124,,,,
237,,,,,7216.167803774,,,,,1744879532.6519392,0.9694722158177457,0.5633423734385272,47.60471041146195,0.0015975279518618034
238,0.3558412905092593,40.6867880703122,0.0005532645018320181,0.946910544097846,7272.740102761,1.8296012031808552e-05,0.0006335882551866234,0.00015764691243020935,120.0,1744879589.224259,,,,
239,,,,,7276.220170471,,,,,1744879592.704324,0.9764352932480188,0.5698142669296515,47.35204180544822,0.0015571153042121576
240,0.35465494791666663,40.686680008398596,0.0005406920454333886,0.9536124885280955,7333.339931008,1.7929083637813794e-05,0.0006217282607394736,0.0001532186093754717,121.0,1744879649.8240757,,,,
241,,,,,7336.82942706,,,,,1744879653.313584,0.9811551547277293,0.575823882314267,47.268629556411106,0.0015208009236420577
242,0.356275318287037,40.85256562300019,0.00054190439532249,0.9474172360319905,7393.896192653,1.7564023254145337e-05,0.0006239724039915018,0.00015327879593769468,122.0,1744879710.3803217,,,,
243,,,,,7397.391837644,,,,,1744879713.8759727,0.9734319831635714,0.5755362426035503,47.400000458081045,0.0015487367681299264
244,0.34976128472222223,40.730285438530586,0.0005354693778826913,0.9552077996266023,7454.289998857,1.720092095399036e-05,0.0006147925700133783,0.00015204872911454004,123.0,1744879770.7740345,,,,
245,,,,,7457.80321005,,,,,1744879774.2873445,0.9711662259247672,0.5708929158448389,47.43713479648024,0.0015640492604758877
246,0.36007306134259254,40.91113094010413,0.0005359879776733578,0.9454231753892464,7514.76791881,1.6839866327408204e-05,0.0006196307334903395,0.00015078174092195696,124.0,1744879831.2520502,,,,
247,,,,,7518.266415894,,,,,1744879834.7504315,0.9754893972415721,0.5692800788954636,47.207700804391145,0.001558159451143673
248,0.36413122106481477,40.849041440116245,0.0005465285114041763,0.9432584862469892,7575.225670135,1.6480948459225395e-05,0.0006277737680647988,0.0001550944174596225,125.0,1744879891.7097511,,,,
249,,,,,7578.764975431,,,,,1744879895.249013,0.9715857460073924,0.5769847140039447,47.378725580337175,0.001539122465496453
250,0.36915870949074076,40.73765344301055,0.0005432287262010504,0.9392553705095779,7635.800307403,1.6124255907055306e-05,0.000623402245946636,0.00015435173595506057,126.0,1744879952.2843888,,,,
251,,,,,7639.29878464,,,,,1744879955.782926,0.9748224385228952,0.5694444444444444,47.53363410946389,0.0015758706901509028
252,0.3577437789351852,40.7863764245735,0.0005363150161429075,0.9460768956296519,7696.36059003,1.576987667944787e-05,0.0006167033689052914,0.00015197555467239,127.0,1744880012.8447232,,,,
253,,,,,7699.856007136,,,,,1744880016.3400564,0.9741241657003972,0.5821519559500329,47.36347566543392,0.0015231141856370063
254,0.36205873842592595,40.76924711814712,0.0005357581705538906,0.9440861621416442,7757.344217376,1.541789821417483e-05,0.0006134861652753898,0.00015267672424670308,128.0,1744880073.8283558,,,,
255,,,,,7760.832681216,,,,,1744880077.316826,0.974126582573571,0.5701840894148587,47.03777302826269,0.0015384623906216943
256,0.36157045717592595,40.647765086005265,0.0005303495388943702,0.9493121023516352,7817.737437336,1.5068407356655715e-05,0.0006113121804446564,0.00014979563326278367,129.0,1744880134.2215662,,,,
257,,,,,7821.210521528,,,,,1744880137.6946669,0.9768202185953333,0.5744884122287968,47.41815716072294,0.0015495281505326813
258,0.37128544560185184,40.838161746915986,0.0005369759286622866,0.9383345087706815,7878.218021841,1.4721490338530072e-05,0.0006155917128126021,0.00015278671526175458,130.0,1744880194.7020085,,,,
259,,,,,7881.72500379,,,,,1744880198.209176,0.9788911133920523,0.568530161078238,47.32239024637632,0.0015115275029809428
260,0.3560763888888889,40.84457483492981,0.0005313484123689704,0.9520589623702327,7938.852289581,1.4377232756381099e-05,0.000612813675434154,0.0001499610498740367,131.0,1744880255.3363569,,,,
261,,,,,7942.386575324,,,,,1744880258.8706782,0.9757532309320278,0.5674720578566733,47.30872254782008,0.0015515168913855003
262,0.3516963252314815,40.814370621269546,0.0005383785088270088,0.9537912603512522,7999.590310219,1.403571955061595e-05,0.0006222154834176763,0.00015151384482123831,132.0,1744880316.0743577,,,,
263,,,,,8003.087580786,,,,,1744880319.571671,0.9742488025716015,0.5652633957922419,47.58070243180938,0.001574176659162801
264,0.35641637731481485,40.81585885248698,0.0005214234951381513,0.9500253547285882,8059.836925448,1.3697034984507966e-05,0.0006009061293298146,0.00014731362216480193,133.0,1744880376.3210638,,,,
265,,,,,8063.323784404,,,,,1744880379.8079302,0.9721879170132304,0.5706566403681789,47.30231466233638,0.0015867114998400211
266,0.3570095486111111,40.65921907595368,0.0005329370158506208,0.9434698955559184,8120.703406282,1.3361262623406007e-05,0.0006087774747356889,0.00015236552053465857,134.0,1744880437.1439855,,,,
267,,,,,8124.187089915,,,,,1744880440.6712353,0.9751807696286604,0.5670611439842209,47.22601326665882,0.0015544480500886072
268,0.34908130787037034,40.763024090573275,0.0005249064271993121,0.9593523518163998,8181.107502535,1.3028485314115895e-05,0.0006063275262931711,0.0001478284435961541,135.0,1744880497.5493927,,,,
269,,,,,8184.540547786,,,,,1744880501.024646,0.976458417076996,0.5745603221564759,47.2364179941582,0.0015158729556088264
270,0.35759910300925923,40.67711489134774,0.0005237885750830173,0.9525078634855358,8241.147509786,1.2698785164459246e-05,0.0006048475501302164,0.00014757653375454537,136.0,1744880557.5896409,,,,
271,,,,,8244.66522503,,,,,1744880561.1493063,0.9709426666493268,0.5695677186061802,47.38910208925851,0.0015143539595346039
272,0.3526475694444444,40.77195916731584,0.0005290844719638699,0.9632441877904044,8301.783602971,1.2372243523014568e-05,0.000605784934850817,0.0001507946719357278,137.0,1744880618.2268784,,,,
273,,,,,8305.223098159,,,,,1744880621.707266,0.9733375280216816,0.5679137902695595,47.4583793228129,0.0015525321314971035
274,0.3475875289351852,40.76573284540417,0.0005224713408097159,0.9609932489961304,8362.259548047,1.2048940959045762e-05,0.0006007239929203933,0.00014807289476266307,138.0,1744880678.7028215,,,,
275,,,,,8365.698898512,,,,,1744880682.1829686,0.9794921732012626,0.5729063938198554,47.26500154878981,0.0015046955444491827
276,0.35496238425925924,40.812576004347356,0.0005214973092733999,0.9571145048267201,8422.53095922,1.172895724262279e-05,0.0006052766853827052,0.00014590597825190344,139.0,1744880739.015084,,,,
277,,,,,8426.0217295,,,,,1744880742.5058677,0.9750453648321964,0.5674104207758055,47.35943471875224,0.0015328451722430496
278,0.354517505787037,40.74267288705055,0.000521303724781319,0.9519464638792272,8482.934128807,1.1412371324939669e-05,0.0006042602100933437,0.00014611574670198024,140.0,1744880799.4182267,,,,
279,,,,,8486.452423151,,,,,1744880802.9365523,0.9751416822884564,0.567862426035503,47.36609574541607,0.0015604242127245436
280,0.35579788773148147,40.770337785715924,0.0005123649498273153,0.9531717319172364,8543.215095279,1.1099261318834405e-05,0.0005895305710510001,0.00014506644210996456,141.0,1744880859.6991253,,,,
281,,,,,8546.713284869,,,,,1744880863.1974425,0.9739224940859388,0.5664858645627877,47.298586892361094,0.001570878138479132
282,0.351244212962963,40.71059491847191,0.0005212149992075866,0.9599949243353312,8603.401427571,1.0789704479515838e-05,0.0005997484535328112,0.0001475605143696157,142.0,1744880919.8855515,,,,
283,,,,,8606.887987082,,,,,1744880923.3721297,0.9730679443197948,0.5699991781722551,47.132858662420645,0.001508809205216284
284,0.35185908564814816,40.59999702584086,0.0005162623385331245,0.9584377680899415,8663.839743677,1.0483777185502067e-05,0.000594674825333641,0.00014594995163861313,143.0,1744880980.3238862,,,,
285,,,,,8667.313492006,,,,,1744880983.797552,0.975644241976358,0.5675542406311637,47.549474288493045,0.0015677310024889617
286,0.36148003472222223,40.61181889440581,0.000524950467661256,0.9456264884011045,8724.452750965,1.0181554919775217e-05,0.0006038274052116322,0.0001486911768097343,144.0,1744881040.9368305,,,,
287,,,,,8727.947631031,,,,,1744881044.4316792,0.9783332920159554,0.5731118507560815,47.4115926890949,0.0014493398350448562
288,0.3550672743055555,40.89994387930152,0.0005169553276573424,0.9589571406999401,8784.882559395,9.883112251157095e-06,0.000598285087653494,0.00014520852228088187,145.0,1744881101.366699,,,,
289,,,,,8788.396539248,,,,,1744881104.8806505,0.9714505690408556,0.5731837606837606,47.3193850180827,0.0015064794346331977
290,0.35780526620370373,40.80056259459253,0.0005209539875068003,0.9557150863413912,8845.237145344,9.588522815910497e-06,0.000600332149224414,0.00014719194168719696,146.0,1744881161.7213042,,,,
291,,,,,8848.758895319,,,,,1744881165.2430463,0.972682337962905,0.5710880999342538,47.338944295043056,0.0015432110521942377
292,0.3572120949074074,40.70670339622262,0.0005103775087263784,0.95422487189894,8905.676828176,9.297859299570528e-06,0.0005899187752220314,0.00014361208077389164,147.0,1744881222.1608853,,,,
293,,,,,8909.158465805,,,,,1744881225.6425633,0.9770561793114543,0.5695779914529915,47.572249536820664,0.0015202034936429788
294,0.36069878472222217,40.742063798330406,0.000508029094999074,0.951930586737358,8965.926703121,9.011193419010547e-06,0.0005886157990971696,0.00014248079601202334,148.0,1744881282.410783,,,,
295,,,,,8969.423166211,,,,,1744881285.907318,0.9741970937646387,0.5682425213675214,47.27618197495796,0.0015139817125880374
296,0.35674189814814816,40.84312965727126,0.0005232718520346679,0.9580089922771251,9026.236102716,8.728595904747122e-06,0.0006043197003236855,0.00014740800193067117,149.0,1744881342.7201848,,,,
297,,,,,9029.719242415,,,,,1744881346.2033715,0.9766759735241244,0.5695060815253122,47.35847023237974,0.0015196665190160275
298,0.3558846932870371,40.71805527860419,0.0005044324976552162,0.9626710317375327,9086.716172115,8.450136483488296e-06,0.0005852245489222696,0.00014121348112894339,150.0,1744881403.2002416,,,,
299,,,,,9090.216237792,,,,,1744881406.7003882,0.976738206577389,0.5744678665351742,47.2766019491311,0.001501120837369504
300,0.354296875,40.681709734703155,0.0005101621889480156,0.9630078302530535,9147.227970235,8.175883860929584e-06,0.0005914722380111926,0.00014295071305241435,151.0,1744881463.7115917,,,,
301,,,,,9150.743868049,,,,,1744881467.2279012,0.9753007887129365,0.5705230933596318,47.337099775442084,0.0015616752744580691
302,0.3575376157407407,40.910563266404985,0.0005008194068068406,0.9636714638552746,9207.594065938,7.905905704801874e-06,0.0005794105376480729,0.00014074275900384238,152.0,1744881524.0781717,,,,
303,,,,,9211.09547803,,,,,1744881527.5728667,0.9785395770393046,0.5693417159763313,47.375787742825636,0.0015018978514350378
304,0.35749421296296297,40.76656394932543,0.0005110030629111861,0.9578461072599932,9268.158170568,7.64026862817542e-06,0.0005906214584683767,0.00014379488980011956,153.0,1744881584.6423075,,,,
305,,,,,9271.666801422,,,,,1744881588.1508894,0.9805228437510581,0.5755567882971729,47.313341018750585,0.001491335157949764
306,0.36151620370370374,40.692533675106155,0.0005151299868884962,0.953031086312971,9328.515753881,7.379038173024058e-06,0.0005941936622548382,0.00014535543709826015,154.0,1744881644.9997978,,,,
307,,,,,9332.005563918,,,,,1744881648.489735,0.9810495325411565,0.5727009368836292,47.27270990998753,0.0014471540209622337
308,0.357251880787037,40.89270273255733,0.000503958694753237,0.9510294931543068,9389.0705474,7.122278794053738e-06,0.00057947674577008,0.00014281354769991595,155.0,1744881705.5546744,,,,
309,,,,,9392.590284168,,,,,1744881709.074445,0.9752621820528216,0.5753821499013806,47.24537641849399,0.0015075694984541489
310,0.3553783275462963,40.64569234034447,0.0005098026325867977,0.959802218584883,9449.391826142,6.8700538427992405e-06,0.0005893044906770228,0.00014343359358690578,156.0,1744881765.875947,,,,
311,,,,,9452.910496147,,,,,1744881769.3945913,0.9771319932545046,0.5752486028928336,47.233174612544516,0.0015065294618789966
312,0.3564597800925926,40.76757228551147,0.0005047246982485376,0.9532884006706717,9509.816601485,6.622425551993164e-06,0.0005810657892197924,0.00014279453449148605,157.0,1744881826.3006945,,,,
313,,,,,9513.310013871,,,,,1744881829.7941754,0.9810929717366028,0.5697937212360289,47.3383204772518,0.001485362989254869
314,0.35913628472222225,40.83570437784272,0.0005054184297478059,0.9616325735777196,9569.907603797,6.3794550202109235e-06,0.0005848493112353026,0.00014199584961716027,158.0,1744881886.3917437,,,,
315,,,,,9573.421147778,,,,,1744881889.9053085,0.9808706647504941,0.5729166666666666,47.12280817756306,0.001492171028915506
316,0.35870587384259256,40.89425989099881,0.0005004216087399982,0.9567301660935754,9630.179764063,6.141202196795583e-06,0.000578548453086114,0.00014076492077492732,159.0,1744881946.6639132,,,,
317,,,,,9633.700850512,,,,,1744881950.185042,0.9778843928177067,0.5795118343195267,47.49594427482422,0.0014919310879821961
318,0.35945457175925927,40.499808006316684,0.0004960633279551985,0.950901914222752,9690.662150281,5.907725867066279e-06,0.0005719169488656916,0.00014006990322741332,160.0,1744882007.1461418,,,,
319,,,,,9694.147982973,,,,,1744882010.6320457,0.9751354255324073,0.5738001314924392,47.69794326468286,0.0015007695989110149
320,0.3532660590277778,40.744814515105496,0.0005070936520496616,0.9625398231600224,9750.936220332,5.679083637813788e-06,0.0005869118751434144,0.00014242514221223245,161.0,1744882067.420359,,,,
321,,,,,9754.407436588,,,,,1744882070.8915162,0.9794832412971097,0.5689924391847468,47.22717143381145,0.0015073099549716483
322,0.35187355324074077,40.77114306871992,0.0005070224766313913,0.961568239271538,9811.151703866,5.4553319230869276e-06,0.0005892774439416826,0.00014158916960695933,162.0,1744882127.6357577,,,,
323,,,,,9814.726608564,,,,,1744882131.2106292,0.9804424406566453,0.5806110289283366,47.277188317445685,0.0014832844474137975
324,0.35367838541666663,40.819941428276515,0.0004889620561698393,0.9640662000948257,9871.734959714,5.236525930273236e-06,0.0005658475856762379,0.00013735884269863163,163.0,1744882188.219098,,,,
325,,,,,9875.232196589,,,,,1744882191.7163572,0.9800912572917516,0.5766868014464169,47.234191498612866,0.00148444105602371
326,0.34924768518518523,40.69481819491664,0.0005035095626226393,0.9643758754686754,9932.148197039,5.022719646477382e-06,0.0005845192032211344,0.00014083330679568463,164.0,1744882248.6323256,,,,
327,,,,,9935.697998758,,,,,1744882252.182141,0.978293780761883,0.5709442800788954,47.327388937638,0.0015383128551408076
328,0.3532877604166667,40.709367624637,0.0005035992405694855,0.9516758565474885,9992.612006333,4.813965825200635e-06,0.0005793616187219186,0.00014261228760892308,165.0,1744882309.0960953,,,,
329,,,,,9996.099726215,,,,,1744882312.5838733,0.9764639481075521,0.5768922583826429,47.30515510540261,0.0014950039062219171
330,0.35675636574074077,40.78861580610691,0.0005048544215242145,0.9589949456088078,10053.228609077,4.6103159733247465e-06,0.0005842581935212365,0.00014181688402459258,166.0,1744882369.7127495,,,,
331,,,,,10056.826355821,,,,,1744882373.3104596,0.9761985428167252,0.5798405654174885,47.84602622706451,0.0014847507252572821
332,0.3612557870370371,40.715240346561124,0.0004988309161490179,0.9539782603716447,10113.697065018,4.411820338403377e-06,0.0005755461772423587,0.0001407052200192993,167.0,1744882430.1812217,,,,
333,,,,,10117.182219326,,,,,1744882433.6663604,0.978673746288654,0.5802206607495068,47.41843235851282,0.0014843337793046464
334,0.35603298611111117,40.94992669807443,0.0004909736780973617,0.9570419495697141,10174.185362079,4.218527896264312e-06,0.000571624042095209,0.00013677443735105044,168.0,1744882490.669491,,,,
335,,,,,10177.702027415,,,,,1744882494.1861897,0.9787017607073203,0.5795221071663379,47.21063920394773,0.0015081591868343262
336,0.35955222800925923,40.693698092649186,0.0004984304882782453,0.9497286095414692,10234.556817684,4.030486338925342e-06,0.0005766828459854878,0.00014005937866272687,169.0,1744882551.0409513,,,,
337,,,,,10238.056675777,,,,,1744882554.5408359,0.9807455543155034,0.578659188034188,47.4266046231656,0.0014429743258425822
338,0.36027199074074073,40.7127952236031,0.0004970947047695518,0.9556980793618411,10294.800417694,3.84774206282701e-06,0.0005778692288004095,0.0001387733936553559,170.0,1744882611.2844956,,,,
339,,,,,10298.289873729,,,,,1744882614.7740352,0.9808501437603376,0.5736563116370809,47.273785347833126,0.0014718583641717066
340,0.35857928240740744,40.83157643310217,0.0005000750978069845,0.9615710629388214,10355.345212362,3.6703401573849893e-06,0.0005794213779154233,0.00014024293932379805,171.0,1744882671.82932,,,,
341,,,,,10358.823094444,,,,,1744882675.3071516,0.9822036702671579,0.5755362426035504,47.54696340127314,0.0014459083770186855
342,0.35303819444444445,40.97832949817493,0.0004998776235879632,0.9581922507935883,10415.807960891,3.4983243938649196e-06,0.0005731628800276667,0.00014219745580703602,172.0,1744882732.29202,,,,
343,,,,,10419.439142089,,,,,1744882735.9233155,0.9780865124488535,0.5763169789612097,47.30582861560539,0.001491632885657824
344,0.3569408275462963,40.76854254827722,0.0004941217563100509,0.9536921439230049,10476.308723201,3.331737214582526e-06,0.0005731012256546819,0.00013838076147294488,173.0,1744882792.7928596,,,,
345,,,,,10479.77767205,,,,,1744882796.2618163,0.9790118915340221,0.5786078238001314,47.47325071167629,0.001453823195053981
346,0.3549877025462963,40.60119152874475,0.0004953525996825193,0.9584387126502788,10536.868352308,3.1706197224315963e-06,0.0005759836772995186,0.00013824050697621714,174.0,1744882853.3523755,,,,
347,,,,,10540.417094175,,,,,1744882856.9011352,0.9801457521096624,0.5738720414201184,47.32991447400873,0.0014844039240135597
348,0.3525535300925926,40.88791131237345,0.000501865674777946,0.9627012416180228,10597.452208713,3.0150116707424677e-06,0.0005793558419100008,0.00014145850268505457,175.0,1744882913.9361649,,,,
349,,,,,10600.9914309,,,,,1744882917.4689445,0.9808232074736509,0.5808678500986193,47.82616034739457,0.0014881454766369783
350,0.3569552951388889,40.88190640287574,0.000505851790694578,0.9585973699264378,10658.033590237,2.864951453473481e-06,0.00058654759923229,0.0001417186620983557,176.0,1744882974.517611,,,,
351,,,,,10661.574893246,,,,,1744882978.059035,0.9780657403021611,0.5734097633136094,47.827753186742996,0.0015056888850477452
352,0.353880931712963,40.844367276766896,0.0004905735429929336,0.9632319032386075,10718.512533205,2.7204760957378426e-06,0.0005663134819769766,0.0001382778676088492,177.0,1744883034.9966335,,,,
353,,,,,10722.035692429,,,,,1744883038.519865,0.9792378391556171,0.5661879520052597,47.444683875714034,0.0014838180639064657
354,0.3526403356481481,40.762984286063734,0.0004923494985632715,0.9625493913388311,10778.826989534,2.58162124466825e-06,0.0005710777839340153,0.00013787373645754997,178.0,1744883095.311139,,,,
355,,,,,10782.330851925,,,,,1744883098.8149686,0.9778636171833414,0.5637841058514135,47.3812639346958,0.0015108041698113084
356,0.3524884259259259,40.77451531489676,0.0004915767778584268,0.9666722026769975,10839.132146937,2.448421160621477e-06,0.0005700364861695561,0.00013770568994004863,179.0,1744883155.6162853,,,,
357,,,,,10842.647723978,,,,,1744883159.131826,0.974317162977205,0.5747657790927021,47.31982775221808,0.0014824670103665155
358,0.3538881655092593,40.79244892364984,0.00048798725620144976,0.9630609865346937,10899.576211563,2.320908708725141e-06,0.0005647400268571801,0.000137078160787496,180.0,1744883216.0603547,,,,
359,,,,,10903.098407657,,,,,1744883219.5825624,0.9773404739441313,0.5779811801446417,47.33593349222901,0.0014830413766993354
360,0.3574074074074074,40.81132334849704,0.000490071605599951,0.9616849623626902,10959.844495738,2.199115350768739e-06,0.0005618587310891598,0.00013942815999143932,181.0,1744883276.3286443,,,,
361,,,,,10963.312924702,,,,,1744883279.797011,0.9782309524042374,0.5673282380013149,47.47567707988047,0.0014945682621775912
362,0.3607421875,40.83481053065927,0.0005074800490547204,0.9604902036758842,11020.329721149,2.0830711374409122e-06,0.0005848960377988988,0.00014335468722492806,182.0,1744883336.8138564,,,,
363,,,,,11023.807698114,,,,,1744883340.2918086,0.9762219827920785,0.5730399408284023,47.33226143920311,0.0015202225365031224
364,0.35551215277777776,40.815072130254265,0.0004961807880135893,0.9575691616759929,11080.687380412,1.9728047009148977e-06,0.000577731427802064,0.0001382100504997652,183.0,1744883397.1284866,,,,
365,,,,,11084.136017969,,,,,1744883400.620175,0.9784632215997792,0.5712730111768572,47.571950247501896,0.0015017586993053555
366,0.3544958043981482,40.86874834989326,0.0004999857173061173,0.962836186937275,11141.04737205,1.86834324778395e-06,0.0005790571793113485,0.00014030475311983538,184.0,1744883457.488293,,,,
367,,,,,11144.491592316,,,,,1744883460.975648,0.9782185254108409,0.575094510190664,47.29358247090973,0.0015036996651011018
368,0.35378327546296295,40.904156866847586,0.00048663271954865197,0.9558464500848508,11201.555555358,1.7697125523485415e-06,0.000563158627210214,0.00013670227058355523,185.0,1744883517.996056,,,,
369,,,,,11204.998292076,,,,,1744883521.4823768,0.9787761909594704,0.5725571170282708,47.4496245201716,0.0014928337320900308
370,0.3532913773148148,40.74245201146261,0.0004979676736184046,0.959769186518525,11262.067586043,1.6769369502569246e-06,0.0005793005868326873,0.0001388782534377242,186.0,1744883578.5084536,,,,
371,,,,,11265.538515942,,,,,1744883582.0226161,0.9781355529935462,0.5775189020381328,47.25856479597793,0.0015112686490353483
372,0.3565610532407407,40.73880080992826,0.000495824631616415,0.9605843204932359,11322.371899062,1.5900393325006907e-06,0.0005750780697781011,0.00013885706607652537,187.0,1744883638.813985,,,,
373,,,,,11325.827287283,,,,,1744883642.3114185,0.9773820466712816,0.5721359303090072,47.19594532038896,0.0014878486802514929
374,0.354662181712963,40.89346949964639,0.000489657442085445,0.9600020876728411,11382.652716955,1.5090411397667365e-06,0.0005698207429304603,0.00013649804673150357,188.0,1744883699.1367419,,,,
375,,,,,11386.141549877,,,,,1744883702.6256433,0.9754603201647879,0.5785153681788298,47.154027686251425,0.0014534928934433712
376,0.3551106770833333,40.666850526164836,0.000493384177570988,0.9621606281708843,11443.015466091,1.4339623571471263e-06,0.0005721858216929832,0.0001381941777026441,189.0,1744883759.457307,,,,
377,,,,,11446.46673494,,,,,1744883762.9508111,0.9797531147020442,0.5741083168967785,47.50167002491736,0.001449215834817061
378,0.349609375,40.76090290961356,0.0004968193925378728,0.9629834403892941,11503.540708991,1.3648215092080402e-06,0.0005756282751463004,0.00013933683640061646,190.0,1744883820.0248458,,,,
379,,,,,11507.021927054,,,,,1744883823.5060763,0.9806642926900699,0.5809808514135436,47.397857459441894,0.0014898716919840528
380,0.3523980034722222,40.87949477511138,0.0004923117003272637,0.9675072080246533,11564.115924376,1.3016356554191274e-06,0.0005720314902646351,0.00013753063672083954,191.0,1744883880.6000311,,,,
381,,,,,11567.671958231,,,,,1744883884.1561189,0.9809148645966389,0.5745705950032872,47.93940190675312,0.0014889104596267526
382,0.351880787037037,40.81960142038375,0.00048554261502431473,0.9639861586596478,11624.20358685,1.2444203859443403e-06,0.0005630796709738206,0.00013600185247923945,192.0,1744883940.687715,,,,
383,,,,,11627.750924593,,,,,1744883944.2350338,0.9726397101344707,0.5733789447731756,47.378106834838505,0.0015187552198767662
384,0.3547200520833333,40.775975873937675,0.0004873451114690397,0.9567987730313711,11684.589674953,1.1931898177952948e-06,0.0005657807563693495,0.00013630315613681886,193.0,1744884001.073832,,,,
385,,,,,11688.075963749,,,,,1744884004.5601296,0.9787386163570244,0.5741904996712689,47.224181087093356,0.0014930974441365553
386,0.3567961516203703,40.918825536064574,0.000502905240864493,0.9639797441745891,11745.244135484,1.1479565913480999e-06,0.0005804808617540403,0.00014177653770275356,194.0,1744884061.7282734,,,,
387,,,,,11748.844782199,,,,,1744884065.328861,0.979894043517387,0.5776010848126232,47.35984785285056,0.001473199208983435
388,0.35861906828703705,40.856138538496786,0.0004943993335473351,0.9644187334285613,11805.737339805,1.1087318672245401e-06,0.0005744711710576666,0.00013810916429974897,195.0,1744884122.2214997,,,,
389,,,,,11809.225357229,,,,,1744884125.7095017,0.9777979876092598,0.5813198553583169,47.353064015225684,0.0014782642112829937
390,0.3584129050925926,40.795542294131664,0.00048440094196848803,0.9613531664809066,11866.086202611,1.0755253235383648e-06,0.000561447912332369,0.00013578465755017532,196.0,1744884182.570343,,,,
391,,,,,11869.605618524,,,,,1744884186.0897253,0.977232625845417,0.5828813280736358,47.25060374280905,0.0014816933633902897
392,0.3556495949074074,40.877525101315655,0.0004899107316305162,0.9572216652691339,11926.740346505,1.0483451535073467e-06,0.0005663489626385853,0.00013782416631329396,197.0,1744884243.2244635,,,,
393,,,,,11930.232268229,,,,,1744884246.7164147,0.9813117667510506,0.5799843852728468,47.40432838399297,0.0014849524103248348
394,0.35711082175925923,40.8293464978028,0.0004903402041236404,0.9561974764019162,11986.913892458,1.0271980634317373e-06,0.0005674473752151244,0.00013774434451079286,198.0,1744884303.3979025,,,,
395,,,,,11990.392322529,,,,,1744884306.8764591,0.9782836851120993,0.5773339907955292,47.06813957355922,0.0015409179569150393
396,0.35903139467592593,40.84358772233989,0.0004960152870808088,0.9577363042127629,12047.451391704,1.0120892710395757e-06,0.0005741417344324873,0.00013929627966717816,199.0,1744884363.9353766,,,,
397,,,,,12050.943411292,,,,,1744884367.4230256,0.9842986533744066,0.5886341222879685,47.364856424905994,0.0014447193377866195
398,0.35755931712962963,40.9253165271285,0.0004908801722194767,0.9607135064592018,12108.307965959,1.0030225041993156e-06,0.0005707340631488477,0.00013700876079383306,200.0,1744884424.792047,,,,
399,,,,,12111.7806003,,,,,1744884428.26471,0.978017904730947,0.5753410585141354,47.31893332311284,0.001504261064558075
